{
  "anchors": [
    1.47,
    1.13,
    1.31,
    0.91,
    1.2,
    0.52,
    1.41,
    1.0,
    1.94,
    1.81
  ],
  "inputs": {
    "input0": [
      224,
      224,
      3
    ]
  },
  "outputs": {
    "output0": [
      7,
      7,
      35
    ]
  },
  "params_quantity": 1859891,
  "loss": [
    [
      1,
      1.11864
    ],
    [
      2,
      0.88455
    ],
    [
      3,
      0.65778
    ],
    [
      4,
      0.38551
    ],
    [
      5,
      0.23415
    ],
    [
      6,
      0.19492
    ],
    [
      7,
      0.05489
    ],
    [
      8,
      0.04472
    ],
    [
      9,
      0.04166
    ],
    [
      10,
      0.02818
    ],
    [
      11,
      0.02334
    ],
    [
      12,
      0.02708
    ],
    [
      13,
      0.02218
    ],
    [
      14,
      0.02031
    ],
    [
      15,
      0.01919
    ],
    [
      16,
      0.01623
    ],
    [
      17,
      0.01553
    ],
    [
      18,
      0.0144
    ],
    [
      19,
      0.01522
    ],
    [
      20,
      0.01331
    ],
    [
      21,
      0.01328
    ],
    [
      22,
      0.01192
    ],
    [
      23,
      0.01102
    ],
    [
      24,
      0.00984
    ],
    [
      25,
      0.00835
    ],
    [
      26,
      0.00843
    ],
    [
      27,
      0.0074
    ],
    [
      28,
      0.0068
    ],
    [
      29,
      0.0064
    ],
    [
      30,
      0.00601
    ],
    [
      31,
      0.00608
    ],
    [
      32,
      0.00581
    ],
    [
      33,
      0.00524
    ],
    [
      34,
      0.00577
    ],
    [
      35,
      0.00509
    ],
    [
      36,
      0.00506
    ],
    [
      37,
      0.005
    ],
    [
      38,
      0.00468
    ],
    [
      39,
      0.00444
    ],
    [
      40,
      0.00446
    ],
    [
      41,
      0.00446
    ],
    [
      42,
      0.00449
    ],
    [
      43,
      0.00379
    ],
    [
      44,
      0.00384
    ],
    [
      45,
      0.00392
    ],
    [
      46,
      0.00376
    ],
    [
      47,
      0.00372
    ],
    [
      48,
      0.00358
    ],
    [
      49,
      0.00347
    ],
    [
      50,
      0.00339
    ],
    [
      51,
      0.00351
    ],
    [
      52,
      0.00352
    ],
    [
      53,
      0.00336
    ],
    [
      54,
      0.00324
    ],
    [
      55,
      0.0033
    ],
    [
      56,
      0.00319
    ],
    [
      57,
      0.00325
    ],
    [
      58,
      0.00322
    ],
    [
      59,
      0.0031
    ],
    [
      60,
      0.0031
    ],
    [
      61,
      0.00315
    ],
    [
      62,
      0.00298
    ],
    [
      63,
      0.0033
    ],
    [
      64,
      0.00308
    ],
    [
      65,
      0.00312
    ],
    [
      66,
      0.00316
    ],
    [
      67,
      0.00309
    ],
    [
      68,
      0.00314
    ],
    [
      69,
      0.00314
    ],
    [
      70,
      0.00312
    ],
    [
      71,
      0.00312
    ],
    [
      72,
      0.00302
    ],
    [
      73,
      0.00311
    ],
    [
      74,
      0.00301
    ],
    [
      75,
      0.00301
    ],
    [
      76,
      0.00297
    ],
    [
      77,
      0.00295
    ],
    [
      78,
      0.00298
    ],
    [
      79,
      0.00289
    ],
    [
      80,
      0.00283
    ],
    [
      81,
      0.00293
    ],
    [
      82,
      0.00284
    ],
    [
      83,
      0.0029
    ],
    [
      84,
      0.00289
    ],
    [
      85,
      0.00295
    ],
    [
      86,
      0.00291
    ],
    [
      87,
      0.00286
    ],
    [
      88,
      0.00281
    ],
    [
      89,
      0.0028
    ],
    [
      90,
      0.00275
    ],
    [
      91,
      0.00281
    ],
    [
      92,
      0.00272
    ],
    [
      93,
      0.00278
    ],
    [
      94,
      0.00289
    ],
    [
      95,
      0.00291
    ],
    [
      96,
      0.00275
    ],
    [
      97,
      0.00286
    ],
    [
      98,
      0.00278
    ],
    [
      99,
      0.00278
    ],
    [
      100,
      0.00282
    ]
  ],
  "acc": [
    [
      1,
      0.11584
    ],
    [
      2,
      0.08582
    ],
    [
      3,
      0.1181
    ],
    [
      4,
      0.11619
    ],
    [
      5,
      0.1076
    ],
    [
      6,
      0.05223
    ],
    [
      7,
      0.05432
    ],
    [
      8,
      0.05038
    ],
    [
      9,
      0.05129
    ],
    [
      10,
      0.05975
    ],
    [
      11,
      0.06421
    ],
    [
      12,
      0.06308
    ],
    [
      13,
      0.06101
    ],
    [
      14,
      0.05905
    ],
    [
      15,
      0.05838
    ],
    [
      16,
      0.0587
    ],
    [
      17,
      0.05736
    ],
    [
      18,
      0.05505
    ],
    [
      19,
      0.05448
    ],
    [
      20,
      0.05747
    ],
    [
      21,
      0.05462
    ],
    [
      22,
      0.05483
    ],
    [
      23,
      0.05744
    ],
    [
      24,
      0.05615
    ],
    [
      25,
      0.05671
    ],
    [
      26,
      0.05843
    ],
    [
      27,
      0.05792
    ],
    [
      28,
      0.05773
    ],
    [
      29,
      0.05924
    ],
    [
      30,
      0.05741
    ],
    [
      31,
      0.058
    ],
    [
      32,
      0.05787
    ],
    [
      33,
      0.05663
    ],
    [
      34,
      0.05728
    ],
    [
      35,
      0.05763
    ],
    [
      36,
      0.05634
    ],
    [
      37,
      0.05636
    ],
    [
      38,
      0.05835
    ],
    [
      39,
      0.05722
    ],
    [
      40,
      0.05722
    ],
    [
      41,
      0.05728
    ],
    [
      42,
      0.05352
    ],
    [
      43,
      0.05502
    ],
    [
      44,
      0.05634
    ],
    [
      45,
      0.05704
    ],
    [
      46,
      0.05569
    ],
    [
      47,
      0.05642
    ],
    [
      48,
      0.05655
    ],
    [
      49,
      0.05666
    ],
    [
      50,
      0.05653
    ],
    [
      51,
      0.0555
    ],
    [
      52,
      0.05483
    ],
    [
      53,
      0.05612
    ],
    [
      54,
      0.05473
    ],
    [
      55,
      0.05607
    ],
    [
      56,
      0.05481
    ],
    [
      57,
      0.05467
    ],
    [
      58,
      0.05435
    ],
    [
      59,
      0.05545
    ],
    [
      60,
      0.05499
    ],
    [
      61,
      0.05542
    ],
    [
      62,
      0.05567
    ],
    [
      63,
      0.05459
    ],
    [
      64,
      0.05502
    ],
    [
      65,
      0.0558
    ],
    [
      66,
      0.05526
    ],
    [
      67,
      0.05575
    ],
    [
      68,
      0.0561
    ],
    [
      69,
      0.0561
    ],
    [
      70,
      0.05575
    ],
    [
      71,
      0.05634
    ],
    [
      72,
      0.05545
    ],
    [
      73,
      0.05588
    ],
    [
      74,
      0.05599
    ],
    [
      75,
      0.05704
    ],
    [
      76,
      0.05478
    ],
    [
      77,
      0.05545
    ],
    [
      78,
      0.05365
    ],
    [
      79,
      0.05424
    ],
    [
      80,
      0.05529
    ],
    [
      81,
      0.05422
    ],
    [
      82,
      0.05357
    ],
    [
      83,
      0.05585
    ],
    [
      84,
      0.05567
    ],
    [
      85,
      0.05669
    ],
    [
      86,
      0.05403
    ],
    [
      87,
      0.05634
    ],
    [
      88,
      0.0561
    ],
    [
      89,
      0.05588
    ],
    [
      90,
      0.05559
    ],
    [
      91,
      0.05701
    ],
    [
      92,
      0.05443
    ],
    [
      93,
      0.05403
    ],
    [
      94,
      0.0555
    ],
    [
      95,
      0.05553
    ],
    [
      96,
      0.05779
    ],
    [
      97,
      0.05567
    ],
    [
      98,
      0.05628
    ],
    [
      99,
      0.05483
    ],
    [
      100,
      0.05381
    ]
  ],